﻿<?xml version="1.0" encoding="utf-8"?>
<publishData>
  <publishProfile publishUrl="D:\share-orr\project\sms_pipeLine\publish" deleteExistingFiles="True" ftpAnonymousLogin="False" ftpPassiveMode="True" msdeploySite="" msdeploySiteID="" msdeployRemoteSitePhysicalPath="" msdeployAllowUntrustedCertificate="False" msdeploySkipExtraFilesOnServer="True" msdeployMarkAsApp="False" profileName="Profile1" publishMethod="FileSystem" replaceMatchingFiles="False" userName="" savePWD="False" userPWD="" SelectedForPublish="True">
    <file relUrl="controls/PPL/PTTBPPLControl.ascx" publishTime="11/29/2013 19:09:53" />
    <file relUrl="Default.aspx" publishTime="12/23/2013 12:16:10" />
    <file relUrl="controls/PPL/TESTPPLControl.ascx" publishTime="11/13/2013 17:34:40" />
    <file relUrl="Account/Web.config" publishTime="10/14/2013 11:07:06" />
    <file relUrl="controls/PPLEditControl.ascx" publishTime="11/08/2013 18:24:30" />
    <file relUrl="Content/img/img_login4.png" publishTime="08/30/2013 16:02:32" />
    <file relUrl="Scripts/jquery/images/ui-bg_highlight-soft_75_cccccc_1x100.png" publishTime="10/11/2013 15:00:13" />
    <file relUrl="Content/css/bootstrap-responsive.css" publishTime="07/29/2013 13:42:02" />
    <file relUrl="Content/css/bootstrap.css" publishTime="12/06/2013 15:41:35" />
    <file relUrl="Content/img/pdf.png" publishTime="07/30/2013 14:02:28" />
    <file relUrl="Styles/Site.css" publishTime="06/06/2014 10:25:38" />
    <file relUrl="Scripts/jquery/jquery-1.9.1.js" publishTime="08/05/2013 15:01:16" />
    <file relUrl="Web.config" publishTime="02/21/2014 20:55:22" />
    <file relUrl="controls/PPL/TCSPPLControl.ascx" publishTime="11/13/2013 17:34:36" />
    <file relUrl="controls/GroupView/PTTBControl.ascx" publishTime="09/17/2013 10:18:15" />
    <file relUrl="Scripts/jquery/images/ui-bg_glass_75_dadada_1x400.png" publishTime="10/11/2013 15:00:13" />
    <file relUrl="Scripts/jquery/images/ui-bg_glass_75_e6e6e6_1x400.png" publishTime="10/11/2013 15:00:13" />
    <file relUrl="defaultgrp.aspx" publishTime="12/13/2013 19:55:37" />
    <file relUrl="Content/js/bootstrap-carousel.js" publishTime="07/29/2013 13:42:02" />
    <file relUrl="controls/PPL/PTTPPLControl.ascx" publishTime="11/13/2013 17:34:26" />
    <file relUrl="Content/js/bootstrap.js" publishTime="07/29/2013 13:42:02" />
    <file relUrl="Content/css/bootstrap-responsive.min.css" publishTime="07/29/2013 13:42:02" />
    <file relUrl="Content/img/edited.jpg" publishTime="12/23/2013 10:50:47" />
    <file relUrl="controls/GroupView/TCSControl.ascx" publishTime="09/06/2013 17:36:48" />
    <file relUrl="bin/sms_pipeLine.dll" publishTime="06/09/2014 10:37:56" />
    <file relUrl="Account/Register.aspx" publishTime="07/29/2013 11:22:49" />
    <file relUrl="Content/img/bgSMS1.png" publishTime="08/30/2013 16:02:32" />
    <file relUrl="bin/AjaxControlToolkit.dll" publishTime="11/27/2012 14:48:53" />
    <file relUrl="Content/img/logoSMS.png" publishTime="07/29/2013 13:42:02" />
    <file relUrl="bin/sms_pipeLine.pdb" publishTime="06/09/2014 10:37:56" />
    <file relUrl="Content/img/small_add.png" publishTime="09/16/2013 13:36:09" />
    <file relUrl="Scripts/jquery-1.4.1.min.js" publishTime="07/29/2013 11:22:49" />
    <file relUrl="recipient.aspx" publishTime="12/06/2013 16:03:11" />
    <file relUrl="Scripts/jquery/images/ui-icons_222222_256x240.png" publishTime="10/11/2013 15:00:13" />
    <file relUrl="Scripts/jquery-1.4.1.js" publishTime="07/29/2013 11:22:49" />
    <file relUrl="controls/PPL/GCPPLControl.ascx" publishTime="11/20/2013 19:33:01" />
    <file relUrl="controls/GroupView/PTTControl.ascx" publishTime="09/17/2013 10:08:03" />
    <file relUrl="Scripts/jquery/images/ui-bg_glass_95_fef1ec_1x400.png" publishTime="10/11/2013 15:00:13" />
    <file relUrl="Scripts/jquery/images/ui-bg_glass_55_fbf9ee_1x400.png" publishTime="10/11/2013 15:00:13" />
    <file relUrl="Content/js/bootstrap.min.js" publishTime="07/29/2013 13:42:02" />
    <file relUrl="controls/GroupView/TestControl.ascx" publishTime="08/24/2013 19:35:32" />
    <file relUrl="Content/img/new_icon.gif" publishTime="12/03/2013 21:20:56" />
    <file relUrl="controls/PPLEdit/CSPPLEditControl.ascx" publishTime="11/08/2013 11:12:30" />
    <file relUrl="bin/EPPlus.dll" publishTime="12/11/2013 14:20:38" />
    <file relUrl="controls/PPL/CSPPLControl.ascx" publishTime="11/13/2013 17:33:49" />
    <file relUrl="Content/css/bootstrap.min.css" publishTime="07/29/2013 13:42:02" />
    <file relUrl="Scripts/jquery/images/ui-bg_flat_0_aaaaaa_40x100.png" publishTime="10/11/2013 15:00:13" />
    <file relUrl="Scripts/jquery-1.4.1-vsdoc.js" publishTime="07/29/2013 11:22:49" />
    <file relUrl="Content/img/glyphicons-halflings.png" publishTime="07/29/2013 13:42:02" />
    <file relUrl="Content/img/word.png" publishTime="07/30/2013 14:02:28" />
    <file relUrl="admin.aspx" publishTime="12/06/2013 16:03:28" />
    <file relUrl="Scripts/jquery/images/ui-icons_2e83ff_256x240.png" publishTime="10/11/2013 15:00:13" />
    <file relUrl="Scripts/jquery/images/ui-icons_888888_256x240.png" publishTime="10/11/2013 15:00:13" />
    <file relUrl="Content/js/bootstrap-modal.js" publishTime="07/29/2013 13:42:02" />
    <file relUrl="Scripts/jquery/jquery-ui.js" publishTime="08/05/2013 15:01:16" />
    <file relUrl="controls/GroupView/CsControl.ascx" publishTime="09/06/2013 17:14:39" />
    <file relUrl="controls/ReportControl.ascx" publishTime="06/09/2014 10:38:50" />
    <file relUrl="Scripts/jquery/images/ui-icons_454545_256x240.png" publishTime="10/11/2013 15:00:13" />
    <file relUrl="About.aspx" publishTime="07/29/2013 11:22:49" />
    <file relUrl="Content/img/small_remove.png" publishTime="09/06/2013 15:49:51" />
    <file relUrl="Content/img/login1.png" publishTime="08/30/2013 16:02:32" />
    <file relUrl="controls/PPLEdit/PTTBPPLEditControl.ascx" publishTime="12/23/2013 10:33:26" />
    <file relUrl="controls/PPLEdit/TCSPPLEditControl.ascx" publishTime="12/10/2013 16:23:43" />
    <file relUrl="Account/ChangePassword.aspx" publishTime="11/27/2013 22:04:00" />
    <file relUrl="controls/GroupView/GCControl.ascx" publishTime="09/06/2013 17:20:29" />
    <file relUrl="Site.Master" publishTime="12/16/2013 10:14:14" />
    <file relUrl="Content/img/excel.png" publishTime="07/30/2013 14:02:28" />
    <file relUrl="Scripts/jquery/jquery-ui.css" publishTime="08/05/2013 15:01:16" />
    <file relUrl="Content/img/plan-blue-calendar.png" publishTime="11/19/2013 10:53:28" />
    <file relUrl="controls/PPLEdit/PTTPPLEditControl.ascx" publishTime="12/23/2013 10:52:45" />
    <file relUrl="controls/PPLEdit/GCPPLEditControl.ascx" publishTime="12/10/2013 16:21:18" />
    <file relUrl="ManualSend.aspx" publishTime="12/23/2013 12:22:38" />
    <file relUrl="Scripts/jquery/images/ui-icons_cd0a0a_256x240.png" publishTime="10/11/2013 15:00:13" />
    <file relUrl="Scripts/jquery/images/ui-bg_glass_65_ffffff_1x400.png" publishTime="10/11/2013 15:00:13" />
    <file relUrl="Global.asax" publishTime="07/29/2013 11:22:49" />
    <file relUrl="controls/GroupEditControl.ascx" publishTime="12/25/2013 18:03:11" />
    <file relUrl="Content/img/saveicon.png" publishTime="02/21/2014 20:47:10" />
    <file relUrl="Scripts/jquery/images/ui-bg_flat_75_ffffff_40x100.png" publishTime="10/11/2013 15:00:13" />
    <file relUrl="Account/Login.aspx" publishTime="12/19/2013 15:18:37" />
    <file relUrl="AutoComplete.asmx" publishTime="11/13/2013 20:26:02" />
    <file relUrl="Account/ChangePasswordSuccess.aspx" publishTime="07/29/2013 11:22:49" />
    <file relUrl="SMSTemplate.aspx" publishTime="12/23/2013 11:28:38" />
    <file relUrl="Content/img/calenda1g.png" publishTime="07/30/2013 14:14:15" />
    <file relUrl="Content/css/docs.css" publishTime="07/29/2013 16:03:05" />
    <file relUrl="Content/img/old_icon.gif" publishTime="12/03/2013 22:08:48" />
    <file relUrl="report.aspx" publishTime="12/06/2013 16:03:45" />
    <file relUrl="Content/img/glyphicons-halflings-white.png" publishTime="07/29/2013 13:42:02" />
    <file relUrl="controls/GroupDetailControl.ascx" publishTime="12/25/2013 18:13:30" />
    <file relUrl="Content/js/jquery-1.9.1.min.js" publishTime="07/29/2013 13:42:02" />
    <file relUrl="Content/img/cancel1.png" publishTime="08/30/2013 16:02:32" />
  </publishProfile>
</publishData>